county,Total Locally Assessed Real Property,Percent of Value - Real Property,Total Locally Assessed Personal Property,Percent of Value - Personal Property,Total Centrally Assessed,Percent of Value - Centrally Assessed,Total of Local and Central Assessment
Beaver,797441765,42.56%,504966413,26.95%,571186622,30.49%,1873594800
Box Elder,7265989368,74.59%,1446539461,14.85%,1028582453,10.56%,9741111282
Cache,16779178681,91.03%,1285018115,6.97%,368622228,2.00%,18432819024
Carbon,1810105208,67.98%,244220818,9.17%,608548196,22.85%,2662874222
Daggett,388201223,71.59%,10990315,2.03%,143066703,26.38%,542258241
Davis,42543207015,91.84%,2988773473,6.45%,792141050,1.71%,46324121538
Duchesne,2385968015,52.10%,323987085,7.08%,1869348377,40.82%,4579303477
Emery,717393955,25.93%,692175972,25.02%,1356711459,49.04%,2766281386
Garfield,1122712817,91.61%,51805445,4.23%,50992428,4.16%,1225510690
Grand,3143451080,81.73%,227086882,5.90%,475781057,12.37%,3846319019
Iron,8007748569,81.76%,1209392455,12.35%,576943756,5.89%,9794084780
Juab,1667409765,65.76%,265166363,10.46%,603040179,23.78%,2535616307
Kane,3060019496,96.28%,79599421,2.50%,38470955,1.21%,3178089872
Millard,1954797659,40.80%,534726842,11.16%,2302132412,48.04%,4791656913
Morgan,3092807159,87.83%,161980073,4.60%,266651106,7.57%,3521438338
Piute,220959240,88.35%,7659623,3.06%,21484585,8.59%,250103448
Rich,2815930544,93.91%,101099489,3.37%,81441798,2.72%,2998471831
Salt Lake,1.98643E+11,90.03%,13317149383,6.04%,8689753915,3.94%,2.2065E+11
San Juan,934550192,67.76%,113875320,8.26%,330801781,23.98%,1379227293
Sanpete,3023401435,92.49%,108502310,3.32%,136992451,4.19%,3268896196
Sevier,2336208344,79.19%,166811206,5.65%,447268433,15.16%,2950287983
Summit,52868644564,97.91%,670033332,1.24%,456440445,0.85%,53995118341
Tooele,8429573180,85.05%,587907450,5.93%,893681895,9.02%,9911162525
Uintah,3033983676,49.05%,261088842,4.22%,2890861424,46.73%,6185933942
Utah,92382685139,91.78%,6117867043,6.08%,2156003848,2.14%,1.00657E+11
Wasatch,20276451566,98.22%,225466504,1.09%,141315299,0.68%,20643233369
Washington,41641555879,96.03%,1076863753,2.48%,644136324,1.49%,43362555956
Wayne,762140050,94.38%,33405250,4.14%,11943006,1.48%,807488306
Weber,34175894196,91.11%,2535253703,6.76%,800521238,2.13%,37511669137
Statewide,5.56282E+11,89.67%,35349412341,5.70%,28754865423,4.63%,6.20386E+11
,,,,,,,
"Note: This is Table 1 from page 6 of the Utah State Tax Commission, ""2025 Property Tax Annual Statistical Report"".",,,,,,,
https://files.tax.utah.gov/propertytax/annual-reports/2025annual.pdf,,,,,,,