COUNTY,TOTAL REAL PROPERTY,TOTAL PERSONAL PROPERTY,TOTAL LOCALLY ASSESSED,TOTAL UTILITIES,TOTAL NATURAL RESOURCES,TOTAL CENTRAL ASSESSED,TOTAL LOCAL & CENTRAL ASSESSED
BEAVER,6265285,4437284,10702569,4248302,456829,4705130,15407699
BOX ELDER,75645469,12791848,88437317,6181899,3930386,10112286,98549603
CACHE,122038636,9947352,131985988,2029878,476165,2506043,134492031
CARBON,23158062,3094712,26252775,3940559,3769021,7709579,33962354
DAGGETT,3042427,84054,3126480,937242,85954,1023196,4149676
DAVIS,430247172,30059726,460306898,7407637,615081,8022718,468329616
DUCHESNE,26635703,3558923,30194626,2992677,16987553,19980229,50174856
EMERY,11312111,7323587,18635698,19633879,1477078,21110956,39746655
GARFIELD,8216836,367976,8584813,259168,96512,355680,8940493
GRAND,29792710,898923,30691633,2009007,1858177,3867184,34558817
IRON,62045624,9315682,71361306,3540611,875883,4416495,75777801
JUAB,15660865,2594959,18255824,4645930,758244,5404174,23659998
KANE,22947979,606594,23554573,234857,48440,283297,23837870
MILLARD,15922714,5022902,20945616,15805447,2229440,18034887,38980503
MORGAN,29726348,972863,30699211,1910598,307859,2218457,32917668
PIUTE,1691967,70585,1762552,128283,24053,152337,1914888
RICH,11379241,425643,11804884,375946,19750,395696,12200580
SALT LAKE,1977195727,133249051,2110444777,37805403,55580951,93386353,2203831131
SAN JUAN,9815735,1353791,11169526,1146508,2203229,3349737,14519263
SANPETE,26613159,1073489,27686647,628565,519744,1148309,28834956
SEVIER,21148452,1516573,22665025,1002404,2587170,3589574,26254599
SUMMIT,296124715,3929892,300054607,2394437,504739,2899176,302953782
TOOELE,101476485,7499369,108975854,5536606,4500074,10036680,119012534
UINTAH,25780604,2254752,28035356,3734940,19937967,23672907,51708263
UTAH,829722051,55045700,884767751,17628116,3098688,20726803,905494555
WASATCH,182583263,1847374,184430636,894873,367431,1262304,185692940
WASHINGTON,287670731,7693018,295363749,3526204,617677,4143880,299507630
WAYNE,4255302,197025,4452328,45844,20894,66738,4519065
WEBER,373664894,26250021,399914915,6261486,2156940,8418426,408333341
STATEWIDE,5031780267,333483666,5365263933,156887304,126111928,282999232,5648263165
,,,,,,,
"Note: This is Table 2 from page 20 of the Utah State Tax Commission, ""2025 Property Tax Annual Statistical Report"".",,,,,,,
https://files.tax.utah.gov/propertytax/annual-reports/2025annual.pdf,,,,,,,